"word","n"
"liamkircher",152
"molson_hart",151
"business",149
"people",141
"it’s",120
"girdley",115
"don’t",107
"i’m",107
"time",104
"lol",101
"day",82
"that’s",74
"lot",73
"money",69
"you’re",66
"kellen_the_man",65
"yeah",63
"sweatystartup",59
"folks",58
"haha",56
"jkostecki_rei",55
"squeegeegod",55
"cleaning",54
"phil_harp",49
"rt",48
"twitter",47
"pretty",46
"start",46
"bro",45
"landforce",44
"spiritofpines",44
"nickatfp",43
"real",43
"love",42
"c_gro",41
"dude",41
"idk",39
"blacklabeladvsr",38
"guy",38
"cool",37
"i’ve",37
"week",37
"call",36
"service",36
"bad",35
"job",35
"kids",35
"life",35
"realestatetrent",35
"zeppelincoop",35
"buy",34
"employees",34
"pay",33
"pslohmann",33
"company",32
"dave_stickland",32
"guys",32
"businesses",31
"can’t",31
"janitorial",31
"jonfitzsimon",31
"agree",30
"didn’t",30
"i’ll",30
"month",30
"moseskagan",30
"software",30
"wilsoncompanies",30
"strongpointrich",29
"samtleslie",28
"bit",27
"customer",27
"danthewolfe",27
"michaelpatron",27
"cash",26
"check",26
"feel",26
"fortworthchris",26
"friend",26
"happy",26
"home",26
"regzeller",26
"sharing",26
"stephenolmon",26
"true",26
"tweet",26
"va",26
"we’re",26
"amagijosh",25
"codie_sanchez",25
"drlindyrx",25
"experience",25
"friends",25
"hard",25
"huge",25
"building",24
"clean",24
"cokedupoptions",24
"makes",24
"revenue",24
"sir",24
"smb",24
"talk",24
"awesome",23
"damn",23
"google",23
"hear",23
"idea",23
"months",23
"brentbeshore",22
"follow",22
"fun",22
"heard",22
"hot",22
"industry",22
"royceard",22
"aiiegoricai",21
"customers",21
"gonna",21
"goodscapital",21
"house",21
"massivefamily",21
"send",21
"tho",21
"content",20
"employee",20
"family",20
"furkyuce",20
"honestly",20
"solid",20
"studentrentpro",20
"support",20
"talking",20
"team",20
"thread",20
"bannedforself",19
"boss",19
"cribdilla",19
"easy",19
"erodz",19
"getjobber",19
"incredible",19
"nice",19
"opportunity",19
"phone",19
"running",19
"selling",19
"wait",19
"wife",19
"worth",19
"agazdecki",18
"car",18
"hours",18
"link",18
"local",18
"totally",18
"arestaurant_guy",17
"doesn’t",17
"joshuamschultz",17
"list",17
"started",17
"stuff",17
"times",17
"alright",16
"amazon",16
"build",16
"chrisdcloud",16
"college",16
"community",16
"companies",16
"garden",16
"gm",16
"hiring",16
"hr",16
"joecassandra",16
"kid",16
"lagoesminombre",16
"literally",16
"olive",16
"owner",16
"post",16
"reviews",16
"sales",16
"starting",16
"step",16
"world",16
"yep",16
"advice",15
"ago",15
"anothercohen",15
"ferventfinance",15
"learn",15
"night",15
"paid",15
"podcast",15
"quinnjmiller",15
"read",15
"rhunterh",15
"russelllowery",15
"super",15
"aebridgeman",14
"brother",14
"congrats",14
"crazy",14
"excuse",14
"fan",14
"favorite",14
"financeogre",14
"followers",14
"free",14
"gustohq",14
"he’s",14
"helpful",14
"hit",14
"imo",14
"income",14
"johnplumstead",14
"market",14
"online",14
"price",14
"services",14
"sounds",14
"story",14
"sullybusiness",14
"won’t",14
"beer",13
"billda",13
"bobbyfijan",13
"change",13
"days",13
"fine",13
"food",13
"here’s",13
"hire",13
"isn’t",13
"issue",13
"issues",13
"jobs",13
"johnnyterson",13
"joke",13
"linkedin",13
"live",13
"paying",13
"talked",13
"told",13
"tonight",13
"understand",13
"adamchudy",12
"based",12
"buying",12
"couple",12
"dang",12
"email",12
"episode",12
"game",12
"guess",12
"hope",12
"lots",12
"marketing",12
"mine",12
"owners",12
"peterwirt",12
"play",12
"sense",12
"shoot",12
"short",12
"spend",12
"top",12
"truck",12
"valuable",12
"vas",12
"aren’t",11
"baby",11
"bio",11
"btw",11
"built",11
"charge",11
"discord",11
"dope",11
"drive",11
"gotta",11
"insurance",11
"labor",11
"levijameshere",11
"move",11
"nikitabier",11
"office",11
"question",11
"realrookieceo",11
"run",11
"scale",11
"sell",11
"sleep",11
"son",11
"space",11
"storage",11
"strong",11
"thinking",11
"town",11
"weird",11
"wrong",11
"af",10
"amazing",10
"app",10
"bet",10
"biz",10
"brand",10
"commercial",10
"cost",10
"danyay",10
"eat",10
"fast",10
"figure",10
"found",10
"helps",10
"hour",10
"imagine",10
"jdklein",10
"join",10
"karl_luminus",10
"lame",10
"lie",10
"mikebotkin_",10
"personal",10
"putting",10
"questions",10
"rate",10
"save",10
"school",10
"shaanvp",10
"smart",10
"stop",10
"ten",10
"thenextgenpod",10
"till",10
"tough",10
"trfyeomanfarmer",10
"wild",10
"acquanon",9
"andrew_heer",9
"answer",9
"bought",9
"breakdown",9
"bryangreenbaum",9
"care",9
"close",9
"coffee",9
"cold",9
"dealpostclose",9
"dollar",9
"e_cdalton",9
"easier",9
"financial",9
"flow",9
"gt",9
"half",9
"hell",9
"hey",9
"homes",9
"i’d",9
"internet",9
"jcboutros",9
"lead",9
"learning",9
"missing",9
"morning",9
"moving",9
"nfts",9
"offer",9
"pizzasdays",9
"plan",9
"plenty",9
"prices",9
"profitable",9
"roblabonne",9
"share",9
"simple",9
"single",9
"slow",9
"smb_attorney",9
"surprised",9
"takes",9
"taking",9
"tech",9
"terrible",9
"thesamparr",9
"tomorrow",9
"truth",9
"valueterminal",9
"wear",9
"word",9
"wow",9
"yo",9
"absolutely",8
"add",8
"amp",8
"anthony_hartzog",8
"basically",8
"bed",8
"biggest",8
"books",8
"bring",8
"busy",8
"c’mon",8
"called",8
"calling",8
"city",8
"connect",8
"correct",8
"dan_hagberg",8
"deal",8
"due",8
"education",8
"energy",8
"estate",8
"eventually",8
"extremely",8
"finally",8
"focus",8
"franchises",8
"fritzthedev",8
"funny",8
"henrybelcaster",8
"hexagraeme",8
"hustle",8
"interviews",8
"jharpermedia",8
"john",8
"larger",8
"learned",8
"lesson",8
"leverage",8
"loom",8
"lost",8
"main",8
"margin",8
"mrtrash",8
"net",8
"nickhancock",8
"option",8
"person",8
"pm",8
"podcasts",8
"power",8
"profit",8
"property",8
"rent",8
"resource",8
"respect",8
"sanchizeunfltrd",8
"seanfelty",8
"spending",8
"stories",8
"stylehawkevents",8
"tbh",8
"they’re",8
"trash",8
"wage",8
"washing",8
"yesterday",8
"accounts",7
"america",7
"american",7
"avoid",7
"baller",7
"barrettjoneill",7
"bonus",7
"book",7
"ccchaircut",7
"cheap",7
"closer",7
"covid",7
"current",7
"dad",7
"dadinvest",7
"danefossee",7
"daveramsey",7
"davidsacks",7
"debt",7
"difference",7
"dm",7
"doc",7
"dollars",7
"enjoy",7
"explain",7
"facebook",7
"fair",7
"fairly",7
"fake",7
"feedback",7
"form",7
"gift",7
"goal",7
"growth",7
"harder",7
"hrs",7
"ideal",7
"jmventurelog",7
"lawnstarter",7
"leave",7
"let’s",7
"linwoodschulman",7
"listening",7
"living",7
"management",7
"margins",7
"mask",7
"means",7
"media",7
"microacquire",7
"model",7
"music",7
"myfirstmilpod",7
"nick",7
"notes",7
"olivegarden",7
"ph",7
"phil",7
"piece",7
"potential",7
"productivity",7
"project",7
"recurring",7
"replies",7
"respond",7
"rich",7
"salad",7
"samhsawyer",7
"schools",7
"sending",7
"setup",7
"similar",7
"skills",7
"spent",7
"startup",7
"straight",7
"text",7
"ton",7
"virtual",7
"vitruviusgrind",7
"wasn’t",7
"website",7
"youtube",7
"yr",7
"advantage",6
"agency",6
"andyisomk",6
"average",6
"benefits",6
"bl_advisor",6
"boomer",6
"breadsticks",6
"card",6
"cast",6
"changing",6
"chilis",6
"chrisjbakke",6
"church",6
"click",6
"contractor",6
"costs",6
"credit",6
"cut",6
"davidwloria",6
"degree",6
"devinwanzor",6
"disagree",6
"dms",6
"drink",6
"dzmitry",6
"earlier",6
"elonmusk",6
"ericjorgenson",6
"finding",6
"football",6
"forget",6
"freaking",6
"frog",6
"ft",6
"genius",6
"giving",6
"god",6
"grow",6
"hate",6
"healthcare",6
"hired",6
"hold",6
"holy",6
"honest",6
"hunterjones",6
"individual",6
"invite",6
"left",6
"listen",6
"low",6
"meal",6
"midwest",6
"minutes",6
"molson",6
"natesmoyer",6
"normal",6
"oof",6
"options",6
"painting",6
"passive",6
"past",6
"payroll",6
"personally",6
"planner",6
"platform",6
"pod",6
"practical",6
"pressure",6
"prestonholland",6
"products",6
"projects",6
"proud",6
"pt",6
"quit",6
"quote",6
"reach",6
"remote",6
"residential",6
"righteousritard",6
"rohangilkes",6
"roll",6
"shawngorham",6
"shelf",6
"shouldn’t",6
"smbs",6
"social",6
"steveressler",6
"strategy",6
"stupid",6
"subs",6
"tax",6
"term",6
"tip",6
"tips",6
"touch",6
"vacuum",6
"waiting",6
"watching",6
"weeks",6
"wine",6
"worse",6
"ya’ll",6
"you’ve",6
"affiliate",5
"age",5
"ah",5
"ain’t",5
"andrewglynch",5
"apple",5
"beautiful",5
"birchard_tom",5
"block",5
"broke",5
"brunolujan",5
"bunch",5
"bvujanov",5
"captainnasdaq",5
"cards",5
"cc",5
"ceo",5
"cheers",5
"churn",5
"cloth",5
"coming",5
"commerce",5
"compete",5
"complex",5
"connection",5
"continue",5
"culture",5
"cuz",5
"dave",5
"death",5
"depends",5
"digital",5
"doctor_parth",5
"drop",5
"ecom",5
"economics",5
"eh",5
"ellliotttb",5
"emails",5
"engagement",5
"entrepreneurs",5
"equipment",5
"everyday",5
"excel",5
"expensive",5
"experiences",5
"fba",5
"feeling",5
"feels",5
"financeguy",5
"formula",5
"freedom",5
"friday",5
"future",5
"garyvee",5
"gio__aa",5
"girl",5
"glad",5
"gold",5
"graygifford",5
"hahaha",5
"handful",5
"happen",5
"haven’t",5
"head",5
"headphones",5
"health",5
"hero",5
"hospital",5
"incentives",5
"increase",5
"insane",5
"inside",5
"invest",5
"investing",5
"jack",5
"jacob",5
"jmreitman",5
"joepohlen",5
"joerogan",5
"joking",5
"kickflips_",5
"liam",5
"line",5
"listened",5
"mad",5
"markbrooks",5
"markvlaskamp",5
"marshal",5
"massive",5
"meant",5
"middle",5
"millionaire",5
"moats",5
"nah",5
"nc",5
"networking",5
"ngmi",5
"niche",5
"nickhaschka",5
"nope",5
"notice",5
"painful",5
"parkertankus",5
"pfp",5
"prayers",5
"private",5
"process",5
"product",5
"provide",5
"quality",5
"quick",5
"realdogleg",5
"realest",5
"reason",5
"recommend",5
"resources",5
"retail",5
"returns",5
"round",5
"saved",5
"scott_scharl",5
"set",5
"shit",5
"shitposting",5
"slack",5
"sold",5
"someday",5
"soundslikecanoe",5
"spouse",5
"stocks",5
"stoked",5
"sucks",5
"target",5
"taste",5
"thetrentonrob",5
"thousands",5
"toilets",5
"toys",5
"type",5
"uber",5
"unlimited",5
"video",5
"videos",5
"wabigateej",5
"waste",5
"water",5
"wayup",5
"we’ll",5
"wealth",5
"what’s",5
"win",5
"window",5
"words",5
"wouldn’t",5
"yup",5
"absolute",4
"account",4
"actual",4
"adamlehman",4
"ads",4
"advise",4
"alexgarcia_atx",4
"amen",4
"americans",4
"apartment",4
"aqualums",4
"article",4
"asset",4
"attn",4
"automatic",4
"babe",4
"balance",4
"bar",4
"base",4
"basic",4
"bgmasters",4
"bingo",4
"bird",4
"black",4
"blessing",4
"blog",4
"bootstrapped",4
"bootstrappers",4
"bostwickcapital",4
"bringing",4
"bryant",4
"builders",4
"calls",4
"capital",4
"chance",4
"checking",4
"choose",4
"cleaners",4
"col_the_midlife",4
"common",4
"construction",4
"contract",4
"contractors",4
"country",4
"courses",4
"crushing",4
"darlingplease",4
"degrees",4
"discount",4
"dog",4
"douglasdowelljd",4
"dramatically",4
"drinking",4
"employer",4
"entertainment",4
"entrepreneurship",4
"evening",4
"extra",4
"eyemightbewrong",4
"factor",4
"failure",4
"father",4
"fill",4
"finance",4
"fire",4
"fish",4
"fixes",4
"ford",4
"forever",4
"forgot",4
"garbage",4
"gf",4
"glass",4
"gn",4
"gov",4
"grandma",4
"green",4
"guide",4
"hand",4
"happened",4
"hardest",4
"harrisonw_iv",4
"hates",4
"heston",4
"hits",4
"host",4
"hurt",4
"imrichardfertig",4
"imvho",4
"industries",4
"involved",4
"iron",4
"iykyk",4
"jason",4
"jeff",4
"jmccart",4
"jobber",4
"johnhilltweets",4
"jsappington",4
"junk",4
"keith_wasserman",4
"key",4
"kiddo",4
"kill",4
"killing",4
"kinda",4
"king",4
"laughridge",4
"leads",4
"lean",4
"level",4
"light",4
"loan",4
"location",4
"lose",4
"lt",4
"lunch",4
"machine",4
"mail",4
"major",4
"malls",4
"manage",4
"managers",4
"mannyvillegas",4
"marcsgilbert",4
"marriage",4
"married",4
"matter",4
"matthew",4
"matthewghinson",4
"meme",4
"mikeytcaplin",4
"million",4
"mindset",4
"minute",4
"miss",4
"miteycasey",4
"modern",4
"mom",4
"monkey",4
"morgantate_",4
"negative",4
"newmanea",4
"nights",4
"nuance",4
"offshore",4
"outbound",4
"owns",4
"patrickdichter",4
"paycheck",4
"peak",4
"peter",4
"philippines",4
"phillipines",4
"philosophy",4
"photo",4
"pickup",4
"pool",4
"portfolio",4
"positive",4
"pre",4
"promise",4
"purogio",4
"raise",4
"ready",4
"receive",4
"red",4
"reference",4
"referrals",4
"reg",4
"regular",4
"remember",4
"research",4
"rickvazza",4
"roi",4
"rsosa",4
"rule",4
"sam",4
"san",4
"santafecowboys",4
"savings",4
"schedule",4
"scheduled",4
"scheduling",4
"screw",4
"shirt",4
"shot",4
"simplecre",4
"situation",4
"smh",4
"speak",4
"speaking",4
"specific",4
"spray",4
"stack",4
"statement",4
"style",4
"successful",4
"swilera",4
"system",4
"systems",4
"talktohenryj",4
"teach",4
"teacher",4
"tenants",4
"tend",4
"thedavechuck",4
"thumbtack",4
"thx",4
"tiktok",4
"titan",4
"title",4
"total",4
"tradesbymatt",4
"traditional",4
"train",4
"tricks",4
"turnernovak",4
"twonecannady",4
"tyler_smb",4
"understanding",4
"unit",4
"vacuums",4
"vibe",4
"views",4
"viral",4
"walk",4
"watch",4
"wearing",4
"web",4
"weekend",4
"wicked",4
"wise",4
"worst",4
"accept",3
"accidentally",3
"accounting",3
"acquisitions",3
"adam_tkaczuk",3
"adishkaun",3
"adsamateur",3
"airbnb",3
"alex",3
"alienknight",3
"andyflattery",3
"antonio",3
"anymore",3
"arr",3
"art",3
"assistant",3
"assistants",3
"attention",3
"austen",3
"austin_rief",3
"authentic",3
"automatically",3
"awake",3
"awful",3
"baldridgecpa",3
"ball",3
"barryroland",3
"bb",3
"bednarikmatt",3
"benefit",3
"bills",3
"birthday",3
"bitcoin",3
"bite",3
"bk_moore",3
"blackhatwizardd",3
"blast",3
"blessed",3
"bobbyeubank",3
"body",3
"bookkeeping",3
"bout",3
"boy",3
"brain",3
"brainflakes",3
"break",3
"brokers",3
"brought",3
"bs",3
"burn",3
"candidates",3
"capes",3
"capitalcamp",3
"career",3
"carolina",3
"ccmembersonly",3
"changed",3
"characters",3
"charging",3
"checked",3
"checks",3
"chose",3
"class",3
"cleaned",3
"cleaner",3
"clips",3
"communicate",3
"competition",3
"competitor",3
"computer",3
"confirm",3
"confused",3
"connor",3
"contacts",3
"control",3
"convinced",3
"costakapo",3
"crap",3
"create",3
"cross",3
"daily",3
"danoeggleston",3
"data",3
"dealing",3
"decided",3
"deep",3
"derekmertins",3
"desk",3
"detail",3
"difficult",3
"ding",3
"direct",3
"door",3
"dot",3
"double",3
"dream",3
"dress",3
"dying",3
"economy",3
"efficient",3
"electrical",3
"endorse",3
"enjoying",3
"entrepreneur",3
"episodes",3
"equity",3
"essential",3
"estateranger",3
"estimate",3
"exact",3
"excess",3
"executing",3
"experiment",3
"facility",3
"fam",3
"fancy",3
"fav",3
"fee",3
"feed",3
"financially",3
"firm",3
"fit",3
"fixed",3
"flip",3
"florida",3
"focused",3
"format",3
"forms",3
"franchise",3
"franchisor",3
"frat",3
"front",3
"fundof",3
"funds",3
"getcallin",3
"girls",3
"golf",3
"grab",3
"grateful",3
"greg",3
"grocery",3
"guest",3
"handbook",3
"hanslorei",3
"headache",3
"healthy",3
"heart",3
"heavily",3
"helped",3
"heroes",3
"heycpj",3
"heydannypeavey",3
"hilarious",3
"homeadvisor",3
"homies",3
"hoping",3
"horse",3
"hospitals",3
"hourly",3
"housing",3
"hustler",3
"hvac",3
"impact",3
"improve",3
"included",3
"including",3
"incredibly",3
"information",3
"inspiration",3
"intro",3
"investor",3
"irony",3
"italy",3
"jacxonic",3
"jamesoncamp",3
"janitor",3
"japozuelom",3
"jasonrsmith",3
"jctiews",3
"jeremyterra",3
"jet",3
"johnbelitsky",3
"johnny",3
"joshuacward",3
"journey",3
"joy",3
"juice",3
"justinsaas",3
"kansas",3
"kelly",3
"kicked",3
"kinds",3
"ks",3
"lake",3
"late",3
"lawn",3
"leader",3
"leading",3
"leaving",3
"legendary",3
"lessons",3
"liberal",3
"likes",3
"links",3
"located",3
"locations",3
"luck",3
"lumberyarddamon",3
"match",3
"meals",3
"meet",3
"memories",3
"mess",3
"message",3
"met",3
"mfm",3
"mil",3
"millions",3
"mind",3
"minimum",3
"missed",3
"mitchblackmon",3
"mobile",3
"mold",3
"mom's",3
"monday",3
"monetize",3
"monkeys",3
"morganhousel",3
"mother",3
"mrr",3
"mrsharma",3
"multiple",3
"nickvitucci",3
"nofedz",3
"note",3
"obvi",3
"odd",3
"opensea",3
"opportunities",3
"opposite",3
"orenmeetsworld",3
"overhead",3
"ownedoperatedco",3
"ownership",3
"packed",3
"pain",3
"paper",3
"parent",3
"parenting",3
"partners",3
"path",3
"payment",3
"pe",3
"percent",3
"perfect",3
"performance",3
"photos",3
"pick",3
"picked",3
"picking",3
"pictures",3
"pissed",3
"playing",3
"plumbing",3
"policy",3
"poor",3
"posting",3
"practice",3
"primarily",3
"pt_rollup",3
"pull",3
"purchase",3
"quarter",3
"quickbooks",3
"quickly",3
"radio",3
"ramsey",3
"reading",3
"realized",3
"recommendations",3
"recruiting",3
"referring",3
"removal",3
"removed",3
"rental",3
"restaurant",3
"rid",3
"risks",3
"rn",3
"robinhood",3
"roguewealth",3
"role",3
"royce",3
"rules",3
"rytodd",3
"sad",3
"safe",3
"salary",3
"sale",3
"samplestweets",3
"saturday",3
"saving",3
"schockzach",3
"schornack",3
"sde",3
"seanodowd",3
"season",3
"security",3
"serialtrep",3
"she’s",3
"shelbygrosch",3
"sick",3
"sign",3
"signs",3
"sites",3
"sitting",3
"sleeping",3
"smarter",3
"source",3
"south",3
"spaghetti",3
"srhousing_cre",3
"star",3
"stats",3
"stealing",3
"steps",3
"sterling_nacho",3
"sternvogel",3
"stopped",3
"store",3
"str",3
"student",3
"subscription",3
"supposed",3
"sweaty",3
"sweptworks",3
"table",3
"talks",3
"task",3
"taught",3
"tea",3
"teaching",3
"technical",3
"telling",3
"terrifying",3
"theepayrollguy",3
"there’s",3
"thinkcre",3
"thirty",3
"threads",3
"throw",3
"tickets",3
"tilojacs",3
"tomfnward",3
"traffic",3
"training",3
"trick",3
"trungtphan",3
"tsludwig",3
"twelve",3
"tyler",3
"tyleravelar",3
"ugh",3
"user",3
"utah",3
"vacation",3
"vaccine",3
"valet",3
"vanity",3
"variety",3
"vendors",3
"visit",3
"vomit",3
"wages",3
"wash",3
"wfh",3
"white",3
"willdatx",3
"wins",3
"woah",3
"worry",3
"write",3
"writing",3
"wtf",3
"ya",3
"yt",3
"_ccox",2
"_tylerswright",2
"aaronyaniro",2
"ability",2
"accepted",2
"ace",2
"act",2
"action",2
"active",2
"acts",2
"ad",2
"added",2
"addicted",2
"adding",2
"address",2
"admittedly",2
"advertising",2
"advocate",2
"afc",2
"afford",2
"affordable",2
"afternoon",2
"aggressive",2
"agreed",2
"aidanheronuk",2
"aldi",2
"alexblack_",2
"alexlathery",2
"allied",2
"alongside",2
"amounts",2
"anxiety",2
"anytime",2
"apparently",2
"appears",2
"appfolio",2
"applebees",2
"application",2
"approach",2
"appropriately",2
"apps",2
"aprox",2
"arbitrage",2
"aristotle",2
"asap",2
"assets",2
"assume",2
"assumed",2
"attitudes",2
"august",2
"automated",2
"automation",2
"ayeshaselden",2
"backbone",2
"ballers",2
"balls",2
"bamf",2
"bang",2
"barely",2
"barriers",2
"basis",2
"bassinet",2
"beach",2
"beam",2
"bearhauer",2
"beat",2
"begin",2
"behalf",2
"belgian",2
"belongs",2
"bets",2
"bf",2
"bid",2
"biden",2
"billing",2
"billion",2
"bin",2
"blocking",2
"blood",2
"blows",2
"blue",2
"board",2
"bonan_me",2
"bond",2
"bootstrap",2
"borderline",2
"boring",2
"bound",2
"bows",2
"boys",2
"branch",2
"branding",2
"bread",2
"breakdowns",2
"brew",2
"breweries",2
"bright",2
"bruce_beaumont",2
"brutal",2
"bryanglanz",2
"bucks",2
"budget",2
"buildings",2
"builds",2
"bullshit",2
"bust",2
"button",2
"bzaidi",2
"caffeine",2
"cakes",2
"calendar",2
"cali",2
"cancel",2
"cancelled",2
"capacity",2
"careful",2
"carry",2
"cars",2
"cashapp",2
"category",2
"caution",2
"cbd",2
"cents",2
"chairs",2
"chamath",2
"changer",2
"channel",2
"charged",2
"charlotte",2
"cheaper",2
"cheapest",2
"checklist",2
"cheerwine",2
"chiajesus",2
"chick",2
"chicken",2
"chiefs",2
"child",2
"children",2
"chili’s",2
"chilling",2
"chime",2
"chinese",2
"chrisbarthcre",2
"chrisfield",2
"classic",2
"classical",2
"cleanings",2
"cleanup",2
"clever",2
"clickbait",2
"client",2
"clock",2
"closed",2
"closest",2
"closing",2
"closings",2
"cocaine",2
"codyboyte",2
"coked",2
"colin",2
"colleges",2
"compared",2
"complaints",2
"completed",2
"compounding",2
"con_keppel",2
"confident",2
"congratulations",2
"connecting",2
"connections",2
"connoisseur",2
"connotation",2
"conservative",2
"considered",2
"consolidation",2
"constantly",2
"consultant",2
"consultants",2
"consulting",2
"consume",2
"consumers",2
"consumption",2
"contact",2
"contentment",2
"context",2
"continues",2
"contrarian",2
"controversial",2
"controversy",2
"coors",2
"corn",2
"correctly",2
"couldn’t",2
"count",2
"counting",2
"couples",2
"cousin",2
"cover",2
"cpa",2
"craziest",2
"created",2
"creating",2
"crehiddenalpha",2
"crew",2
"crush",2
"crushed",2
"cullenroche",2
"curious",2
"curriculum",2
"cute",2
"cutting",2
"dads",2
"dadthebestican",2
"damned",2
"dangerous",2
"danmcdme",2
"dare",2
"davewillian_",2
"david__kaylor",2
"dawg",2
"daycare",2
"dbredvick",2
"dead",2
"dear",2
"debate",2
"decent",2
"deduction",2
"deeper",2
"definitey",2
"delicious",2
"demo",2
"depending",2
"deserves",2
"details",2
"died",2
"diet",2
"digestion",2
"dinner",2
"dirty",2
"discussed",2
"discussion",2
"disgusting",2
"dishes",2
"disinfecting",2
"distraction",2
"distributors",2
"ditch",2
"divorced",2
"dming",2
"domain",2
"dominated",2
"dood",2
"doubt",2
"downloaded",2
"drank",2
"drgurner",2
"dropped",2
"dropping",2
"drug",2
"dry",2
"duckduckgo",2
"earthclassmail",2
"effective",2
"effectively",2
"effectiveness",2
"elektronenjager",2
"elements",2
"eltintero",2
"em",2
"emergencies",2
"eminem",2
"empathy",2
"empire",2
"enter",2
"entreprenuer",2
"entry",2
"env_consultan",2
"est",2
"etienneduchain",2
"exclusively",2
"execution",2
"exist",2
"exp",2
"expecting",2
"experienced",2
"eyes",2
"failing",2
"fall",2
"fans",2
"fantasy",2
"farm_invest_",2
"fascinating",2
"favor",2
"favs",2
"fed",2
"fees",2
"feet",2
"fellow",2
"field",2
"fields",2
"fifty",2
"figured",2
"finish",2
"finished",2
"fireworks",2
"firms",2
"flipsmiles",2
"floor",2
"flooring",2
"fly",2
"flywheel",2
"foolish",2
"forced",2
"forward",2
"founder",2
"frankcjones",2
"freddybfrenchy",2
"freecondo",2
"fresh",2
"frick",2
"friedberg",2
"friendly",2
"fries",2
"fuel",2
"fund",2
"fungible",2
"furkan",2
"games",2
"gap",2
"garage",2
"garrytan",2
"geography",2
"glad_cap",2
"glhf",2
"gmb",2
"gmi",2
"goinggodward",2
"goodness",2
"government",2
"graduated",2
"gray",2
"gregisenberg",2
"gross",2
"growsf",2
"guarantee",2
"guarantees",2
"guessing",2
"guessworkinvest",2
"guilt",2
"gummies",2
"gurus",2
"gusto",2
"hack",2
"haircut",2
"handed",2
"handle",2
"hang",2
"happening",2
"happiness",2
"hardware",2
"heads",2
"heartbreaking",2
"heck",2
"helping",2
"highlight",2
"highly",2
"hirewithnear",2
"hole",2
"hometown",2
"hood",2
"hooked",2
"hop",2
"hopes",2
"hotmail",2
"hq_storage",2
"hundreds",2
"hungryjesse",2
"hustlers",2
"hype",2
"iamjoshleber",2
"ice",2
"ideas",2
"ig",2
"immediately",2
"immoral",2
"impossible",2
"impressive",2
"incentivize",2
"include",2
"includes",2
"increases",2
"industrial",2
"info",2
"initially",2
"insanity",2
"inspired",2
"instant",2
"insured",2
"integration",2
"interior",2
"internship",2
"interview",2
"introduce",2
"investment",2
"investors",2
"invoice",2
"invoices",2
"irons",2
"ish",2
"italian",2
"itsshannonl",2
"j_m_vogt",2
"jackbutcher",2
"janitors",2
"january",2
"jctibbitts",2
"jd",2
"jeans",2
"jeff_freitag",2
"jeffreyrasco",2
"jfleming",2
"joe",2
"joe’s",2
"joelengardio",2
"joepompliano",2
"johnson",2
"johswayy",2
"joint",2
"jokin",2
"josephflaherty",2
"josh",2
"joshdance",2
"jpegs",2
"jump",2
"jumped",2
"jungle",2
"justinnicholast",2
"karens",2
"kcerminara",2
"keeping",2
"kegs",2
"kelceylehrich",2
"kellen",2
"kensavage",2
"kenupdegrave",2
"kevdozer",2
"kevin",2
"kicksnostra",2
"kidding",2
"knees",2
"knowing",2
"knowledge",2
"label",2
"lacking",2
"laforet",2
"land",2
"languages",2
"laugh",2
"laughed",2
"launch",2
"launched",2
"lawncare",2
"lawyer",2
"lazy",2
"lcrothlisberger",2
"leamaric",2
"leases",2
"legal",2
"leveraging",2
"lfg",2
"li",2
"library",2
"lies",2
"lightening",2
"lights",2
"limitless",2
"lindytrader",2
"lineup",2
"linked",2
"listens",2
"listing",2
"livable",2
"lived",2
"lives",2
"lmk",2
"loads",2
"lofi",2
"logo",2
"lord",2
"loud",2
"loved",2
"lowe’s",2
"lower",2
"ma’am",2
"magic",2
"magiccarptglide",2
"male",2
"managing",2
"mandate",2
"manufacturers",2
"manufacturing",2
"march",2
"marcuslemonis",2
"mark",2
"marketers",2
"marlomajor",2
"matters",2
"max",2
"mcchicken",2
"medical",2
"mention",2
"menu",2
"messaging",2
"messed",2
"methodmillions",2
"metric",2
"mhm",2
"michael",2
"micro",2
"mike",2
"mikemcln",2
"miles",2
"minded",2
"minds",2
"mirror",2
"miserable",2
"misspelled",2
"mistake",2
"mistakes",2
"moat",2
"moment",2
"momentum",2
"monopolies",2
"monster",2
"monthly",2
"mops",2
"mouth",2
"movement",2
"moves",2
"movie",2
"mr_jonesandme",2
"msumak",2
"multimillionaire",2
"n_evans",2
"nailed",2
"nakodari",2
"nanny",2
"nasty",2
"natty",2
"neelbparekh",2
"neighborhood",2
"newsletter",2
"nfrank",2
"niadesk",2
"nicholas",2
"nickfedele",2
"nikita",2
"nonsense",2
"normonics",2
"north",2
"ns",2
"nuggets",2
"nyt",2
"objective",2
"october",2
"offices",2
"oil",2
"onetimeexpense",2
"onlinejobs",2
"onlinejobsph",2
"onward",2
"ooh",2
"oops",2
"operate",2
"operating",2
"opinion",2
"opinions",2
"opposed",2
"organized",2
"otis",2
"outsourcing",2
"overseas",2
"overtime",2
"pages",2
"paging",2
"parents",2
"payments",2
"pension",2
"performing",2
"perspective",2
"peterperickson",2
"phase",2
"pics",2
"pier",2
"pineapple",2
"pinklionllc",2
"pinterest",2
"pipeline",2
"pita",2
"planning",2
"plastic",2
"played",2
"plays",2
"pocket",2
"polarizing",2
"political",2
"politics",2
"poll",2
"poop",2
"poorly",2
"popcorn",2
"popping",2
"pornhub",2
"porsche",2
"possibly",2
"posted",2
"potentially",2
"pray",2
"prayer",2
"prep",2
"presence",2
"president",2
"prevent",2
"pricey",2
"prime",2
"printing",2
"pro",2
"produce",2
"production",2
"profile",2
"profits",2
"program",2
"progress",2
"prolly",2
"promote",2
"propose",2
"proprietors",2
"protect",2
"public",2
"pulled",2
"purchases",2
"pursue",2
"qsammael",2
"rabbit",2
"raised",2
"ramifications",2
"ran",2
"random",2
"rarely",2
"rchitectopteryx",2
"react",2
"reactions",2
"realize",2
"reasoning",2
"rec",2
"recallsfboe",2
"recent",2
"refine",2
"reformed",2
"regularly",2
"relationship",2
"relevant",2
"religion",2
"religions",2
"remembered",2
"reminder",2
"reminds",2
"remove",2
"rep",2
"repeat",2
"reputation",2
"requesting",2
"requirements",2
"resisting",2
"respectfully",2
"rest",2
"retire",2
"retweettosender",2
"rev",2
"review",2
"rhiannonsim",2
"rich_soupbrands",2
"richard_lopez_",2
"ring",2
"ringooo",2
"rock",2
"rogan",2
"roles",2
"rome",2
"rooting",2
"rough",2
"route",2
"rowen",2
"rowenwillabus",2
"rumor",2
"rundown",2
"runner",2
"runs",2
"rushgroupkw",2
"ryjack",2
"sa",2
"safety",2
"sahilbloom",2
"salt",2
"sampcoates",2
"samuelgray",2
"sanity",2
"sat",2
"savage",2
"scam",2
"scaramoocher",2
"schaperenergy",2
"science",2
"scratch",2
"script",2
"search",2
"seat",2
"sector",2
"seed",2
"seo",2
"separate",2
"septic",2
"settle",2
"shape",2
"sheetz",2
"shift",2
"ship",2
"shipping",2
"shirts",2
"shitposters",2
"shoes",2
"shop",2
"silence",2
"sirocapital",2
"sister",2
"site",2
"skipping",2
"sleeps",2
"smrnld",2
"snacks",2
"soft",2
"sole",2
"solution",2
"solved",2
"someone’s",2
"somethin",2
"song",2
"sonnysizzak",2
"sorenemile",2
"soul",2
"spaces",2
"spanish",2
"speaks",2
"specifically",2
"spends",2
"spot",2
"spring",2
"sqft",2
"squad",2
"stability",2
"staffing",2
"stainless",2
"starbucks",2
"starts",2
"stated",2
"status",2
"steady",2
"steam",2
"stefanpalios",2
"stem",2
"steven_arteaga_",2
"sticky",2
"stint",2
"stores",2
"strategies",2
"strip",2
"strs",2
"structure",2
"stuck",2
"students",2
"success",2
"summer",2
"supplies",2
"supporting",2
"surprise",2
"sustainable",2
"swole",2
"tackling",2
"tagging",2
"tail",2
"taxes",2
"taylorawelch",2
"teams",2
"technically",2
"technovikingeth",2
"tedx",2
"tenant",2
"tens",2
"terms",2
"terribly",2
"tf",2
"thc",2
"theciaranmarket",2
"thegallowboob",2
"their’s",2
"theory",2
"therealmattdyer",2
"thomasince",2
"thousand",2
"threshold",2
"thumb",2
"tier",2
"tight",2
"timhanso",2
"titans",2
"tl",2
"tolerate",2
"toolkit",2
"toph_edwards",2
"topo",2
"towns",2
"toy",2
"track",2
"tracking",2
"trade",2
"trading",2
"trail",2
"trait",2
"trashing",2
"treat",2
"trip",2
"trouble",2
"trump",2
"trust",2
"tuesday",2
"tv",2
"tweeted",2
"tweets",2
"twenties",2
"unbelievably",2
"uncle",2
"underestimate",2
"underrated",2
"understands",2
"unfollow",2
"universities",2
"university",2
"unreal",2
"update",2
"updated",2
"ups",2
"upset",2
"upward",2
"uriahz",2
"vaca",2
"vacuuming",2
"vakcapital",2
"vc",2
"venmo",2
"verify",2
"version",2
"vibes",2
"virtue",2
"voice",2
"volume",2
"wake",2
"walked",2
"walkermckay",2
"walmart",2
"we’d",2
"we’ve",2
"weak",2
"websites",2
"wedding",2
"weekly",2
"whiskey",2
"wholesome",2
"wichita",2
"wings",2
"winning",2
"wisdom",2
"wittbauknight",2
"woland",2
"wonderful",2
"wondering",2
"worlds",2
"worthless",2
"wrecked",2
"wrestling",2
"written",2
"you’ll",2
"zachandrewa",2
"zg_dev",2
"_elliottfisher",1
"_flipman",1
"_greggilbert",1
"_levi________",1
"<U+0001D5E2><U+0001D5F3><U+0001D5F3><U+0001D5F6><U+0001D5F0><U+0001D5F6><U+0001D5EE><U+0001D5F9>",1
"<U+0001D5EE><U+0001D5FB><U+0001D5F1>",1
"<U+0001D5F3><U+0001D5EE><U+0001D5F9><U+0001D600><U+0001D5F2>",1
"<U+0001D5F6><U+0001D600>",1
"<U+0001D5FA><U+0001D5F6><U+0001D600><U+0001D5F9><U+0001D5F2><U+0001D5EE><U+0001D5F1><U+0001D5F6><U+0001D5FB><U+0001D5F4>",1
"<U+0001D600><U+0001D5FC><U+0001D602><U+0001D5FF><U+0001D5F0><U+0001D5F2><U+0001D600>",1
"<U+0001D600><U+0001D601><U+0001D5EE><U+0001D601><U+0001D5F2><U+0001D5F1>",1
"<U+0001D601><U+0001D5F5><U+0001D5EE><U+0001D601>",1
"<U+24D8>",1
"a_nolan",1
"a<U+0336>",1
"a<U+0336>n<U+0336>d<U+0336>",1
"aaronandml",1
"aaronbosshardt",1
"aaronkleinx",1
"aaronorendorff",1
"absorbs",1
"abstract",1
"absurd",1
"abv",1
"academies",1
"academy",1
"accent",1
"acceptable",1
"accepting",1
"access",1
"accommodating",1
"accomplish",1
"accountable",1
"acquisition",1
"acronyms",1
"acting",1
"actively",1
"activities",1
"adam_dallimore",1
"adamhoak",1
"adamjmanns",1
"adamliyou",1
"adamvazquez",1
"addendum",1
"adderall",1
"addictive",1
"addicts",1
"additional",1
"addressed",1
"addresses",1
"adharbin",1
"adhd",1
"adhdace",1
"adhds",1
"adjusting",1
"admit",1
"admitting",1
"adotwill",1
"adp",1
"adrenaline",1
"adrian_pinto",1
"adrianninoderi",1
"adult",1
"adults",1
"advance",1
"advantages",1
"advisor",1
"afghanistan",1
"afraid",1
"africa",1
"aftermarket",1
"aftermath",1
"ag",1
"agencies",1
"agent",1
"ages",1
"aggressiveness",1
"agreeable",1
"agtkripsbas",1
"ahah",1
"ahead",1
"air",1
"airbnfee",1
"airbnthree",1
"airpod",1
"airpods",1
"airport",1
"aisles",1
"ajp",1
"akitz",1
"alarm",1
"albums",1
"alcohol",1
"alcoholic",1
"alexd",1
"alexkehr",1
"alfred",1
"algebra",1
"alice",1
"alignment",1
"alimony",1
"allenthird",1
"alley",1
"allotted",1
"allowed",1
"ally",1
"aloud",1
"alternative",1
"amanalyst",1
"amancillajr",1
"amassed",1
"amazon’s",1
"ambrose",1
"amelia",1
"amenity",1
"america’s",1
"americano",1
"amidst",1
"amirite",1
"amorphusman",1
"amount",1
"ample",1
"amredman",1
"analysis",1
"anam_x",1
"anchor",1
"andrew",1
"andrew’s",1
"andrewghayes",1
"andrewmedal",1
"android",1
"andy",1
"andy’s",1
"andyisomk’s",1
"andykreed",1
"anecdote",1
"anger",1
"angi's",1
"angie’s",1
"angry",1
"anniversaries",1
"anniversary",1
"announce",1
"announcement",1
"anon",1
"anonymous",1
"answered",1
"answering",1
"answers",1
"anti",1
"antifragile_re",1
"antonia_mdprjct",1
"apileofstones",1
"apologies",1
"apompliano",1
"appalling",1
"appetizer",1
"appetizers",1
"applepay",1
"appliance",1
"appliances",1
"applicant",1
"applicants",1
"applied",1
"applies",1
"apply",1
"appreciators",1
"approached",1
"approves",1
"aquila",1
"arampell",1
"argue",1
"argument",1
"ariozick",1
"arm",1
"arms",1
"arnold",1
"arrive",1
"arts",1
"asana",1
"asleep",1
"aspect",1
"aspire",1
"ass",1
"assessment",1
"assisting",1
"ate",1
"atrocious",1
"attack",1
"attained",1
"attempt",1
"attempters",1
"attending",1
"attitude",1
"attorney",1
"attractive",1
"attribute",1
"atvs",1
"audacity",1
"automate",1
"aux",1
"avatar",1
"averaging",1
"avi_eisen",1
"avocado",1
"avocados",1
"aw",1
"awkward",1
"aww",1
"b<U+0336>e<U+0336>g<U+0336>a<U+0336>n<U+0336>",1
"b<U+0336>u<U+0336>i<U+0336>l<U+0336>d<U+0336>i<U+0336>n<U+0336>g<U+0336>",1
"baas",1
"bachelors",1
"background",1
"backpack",1
"backseats",1
"backup",1
"badass",1
"badly",1
"bagged",1
"bakers",1
"balajis",1
"balanced",1
"bandaid",1
"banger",1
"bangers",1
"bank",1
"banks",1
"bao",1
"baptisms",1
"baptizing",1
"barbecue",1
"barbell",1
"barber",1
"barbers",1
"barcelona",1
"bargain",1
"barnacle",1
"bars",1
"bartlesville",1
"baseball",1
"baskets",1
"bat",1
"baths",1
"bathtubs",1
"battle",1
"bball",1
"bday",1
"beager",1
"beans",1
"beanskino",1
"bear",1
"beauty",1
"beekeepers",1
"beers",1
"beet",1
"beg",1
"beginner",1
"begs",1
"behavior",1
"behold",1
"beliefs",1
"bell",1
"belovedbrands",1
"benbrinker",1
"bendeborde",1
"benknegendorf",1
"benrgallant",1
"bessie",1
"bettering",1
"betting",1
"betty",1
"beverage",1
"bezos",1
"bfb",1
"bgroat",1
"bias",1
"bigger",1
"bill",1
"billionaire",1
"billionaires",1
"billions",1
"bind",1
"binged",1
"binks",1
"biohazard",1
"bipolar",1
"birth",1
"birthdays",1
"birthplace",1
"biscuit",1
"bizbuyhell",1
"bizbuysell",1
"bizness",1
"bizwisdomtm",1
"blake_bachelor",1
"blakea",1
"blame",1
"blamed",1
"blank",1
"blanton’s",1
"bleach",1
"bless",1
"blessings",1
"blew",1
"blind",1
"blocks",1
"blow",1
"blown",1
"blueberry",1
"bluecollarandy",1
"blueprint",1
"bmi",1
"boat",1
"boi",1
"bones",1
"bonuses",1
"booking",1
"bookkeeper",1
"boosters",1
"booted",1
"boots",1
"border",1
"boredelonmusk",1
"born",1
"borrow",1
"borrowed",1
"borrowing",1
"bother",1
"bothering",1
"bottle",1
"bottles",1
"bottom",1
"bouncing",1
"boundaries",1
"bowl",1
"bowtiedamazon",1
"box",1
"boyfriend",1
"bpiatt",1
"br",1
"bradkreutz",1
"brag",1
"brained",1
"brainer",1
"branded",1
"brandonblack_",1
"brandonniro",1
"brands",1
"brantlymillegan",1
"brave",1
"bravery",1
"brb",1
"breakfastbybill",1
"breaking",1
"breaks",1
"breast",1
"breathe",1
"bridgeman",1
"brings",1
"brl_partners",1
"broker",1
"brothers",1
"brown",1
"brownies",1
"brunt",1
"bryan",1
"bryant's",1
"btc",1
"bts",1
"btslosangeles",1
"bubble",1
"buck",1
"bucket",1
"buckle",1
"bud",1
"buddylydon",1
"budged",1
"budgets",1
"buffers",1
"bug",1
"bugs",1
"buisness",1
"bulk",1
"bullet",1
"bullets",1
"bullish",1
"bumping",1
"bumpkin",1
"buns",1
"burger",1
"burgess",1
"burkeestes",1
"burned",1
"burntoutcase",1
"burrito",1
"buses",1
"businessbarista",1
"busted",1
"buyin",1
"buys",1
"bwwings",1
"bye",1
"bytheseainnc",1
"cage",1
"caiguy",1
"cake",1
"calculation",1
"calendly",1
"calves",1
"cam",1
"camaros",1
"camera",1
"cameras",1
"cameronclittle",1
"cameronleesmith",1
"cameronwalkersz",1
"campaign",1
"canada",1
"cancelling",1
"candidate",1
"canva",1
"capable",1
"capitalism",1
"capitalist",1
"caps",1
"capstone",1
"capt",1
"captain",1
"capture",1
"cardone",1
"cardono",1
"caring",1
"carpet",1
"carseats",1
"cart",1
"caseyames",1
"casino",1
"casinobonusbob",1
"casual",1
"casually",1
"catch",1
"categories",1
"catering",1
"catholic",1
"caught",1
"caved",1
"cavemaninvestor",1
"cbt",1
"ccarfi",1
"cchild",1
"ccs",1
"cease",1
"celebrate",1
"celebrating",1
"cellsitelease",1
"cement",1
"cementblack",1
"center",1
"ceos",1
"ceramic",1
"cereal",1
"cest_nick",1
"chadcarleton",1
"chadross",1
"chain",1
"challenge",1
"chalupa",1
"championship",1
"chances",1
"channels",1
"chaos",1
"chap",1
"character",1
"charbeljsimon",1
"charger",1
"charlie",1
"chaser",1
"chat",1
"chatted",1
"chatter",1
"cheated",1
"checkin",1
"checklists",1
"cheese",1
"cheeseburger",1
"chemicals",1
"cherish",1
"cherished",1
"chicks",1
"chico",1
"child’s",1
"chillin",1
"china",1
"chipotletweets",1
"chiropractor",1
"choice",1
"choices",1
"choosing",1
"chops",1
"chris_tws",1
"christ",1
"christmas",1
"christo",1
"chuckle",1
"churches",1
"cites",1
"cities",1
"cjwood_",1
"claim",1
"claims",1
"clap",1
"clarity",1
"classes",1
"classics",1
"cleveland",1
"clicks",1
"cliff",1
"climate",1
"clocking",1
"clockwork",1
"clogged",1
"closely",1
"clothes",1
"club",1
"clue",1
"clunker",1
"cmon",1
"cnn",1
"cnnbusiness",1
"coach",1
"coached",1
"coaches",1
"coachfronhofer",1
"coaching",1
"coachmarcwilson",1
"coal",1
"coat",1
"coatings",1
"coc",1
"code",1
"codie",1
"cody",1
"coi",1
"coin",1
"collar",1
"colleague",1
"collected",1
"collecting",1
"collections",1
"colorado",1
"coloring",1
"combined",1
"combines",1
"combo",1
"comedic",1
"comfortable",1
"comforting",1
"comin",1
"command",1
"commanded",1
"comment",1
"comments",1
"commies",1
"commit",1
"commodities",1
"commonly",1
"commonplace",1
"communist",1
"communities",1
"compares",1
"compelling",1
"competent",1
"competing",1
"competitive",1
"competitors",1
"complain",1
"complaint",1
"complement",1
"compliant",1
"comply",1
"component",1
"comprehensive",1
"comprised",1
"con't",1
"concede",1
"conceived",1
"concern",1
"concord",1
"condense",1
"condition",1
"conditions",1
"conference",1
"confidence",1
"confidently",1
"confuses",1
"confusing",1
"connected",1
"connoisseurs",1
"connor’s",1
"connotations",1
"conormyhrvold",1
"consideration",1
"consistency",1
"consistent",1
"constant",1
"constrained",1
"containers",1
"continued",1
"convenience",1
"convenient",1
"conversation",1
"conversations",1
"convert",1
"converted",1
"convince",1
"convo",1
"cookbooks",1
"cooking",1
"cooler",1
"coolest",1
"cop",1
"copy",1
"cord",1
"coreyhainesco",1
"coreynceo",1
"corps",1
"correlation",1
"cory",1
"coryhoffmancre",1
"costing",1
"costly",1
"counselor",1
"countries",1
"counts",1
"court",1
"cousin’s",1
"cousins",1
"covering",1
"coveted",1
"cow",1
"cows",1
"cracked",1
"crappy",1
"cream",1
"credenzaclear",1
"credibility",1
"cringey",1
"critical",1
"critically",1
"crm",1
"crossfire",1
"crowd",1
"crucial",1
"cruising",1
"crutin",1
"cry",1
"crying",1
"crypto",1
"csr‘s",1
"cuban",1
"cubes",1
"cucumber",1
"cuisine",1
"cultural",1
"cuomo",1
"curious_jamie",1
"currency",1
"curve",1
"custom",1
"dadpod",1
"damage",1
"dan",1
"dancing",1
"daniel",1
"danny",1
"darn",1
"date",1
"daughter",1
"daunting",1
"davekang",1
"david",1
"davidjbland",1
"davidvanmtl",1
"dc",1
"dd",1
"deadly",1
"dealership",1
"deals",1
"dealt",1
"debited",1
"deck",1
"decoded",1
"dedicate",1
"deduct",1
"deducted",1
"deductible",1
"deebmartoma",1
"deeply",1
"deets",1
"defense",1
"defi",1
"defiling",1
"defraud",1
"degenerate",1
"delegate",1
"delegating",1
"delete",1
"deleted",1
"deliberation",1
"deliver",1
"delivery",1
"demand",1
"demandcurves",1
"democratizing",1
"demoralizing",1
"denconmedia",1
"dennishegstad",1
"dependent",1
"dependents",1
"depreciate",1
"depression",1
"derailed",1
"derek",1
"descendent",1
"describe",1
"deserve",1
"design",1
"designed",1
"desperation",1
"destination",1
"destroyed",1
"destroying",1
"detailers",1
"detailing",1
"deteriorating",1
"detests",1
"devastating",1
"developers",1
"development",1
"devil's",1
"devout",1
"dewormer",1
"dgaf",1
"diagnosed",1
"dial",1
"dialup",1
"dickiebush",1
"dicks",1
"dictates",1
"die",1
"differences",1
"difficulty",1
"dig",1
"dignity",1
"digs",1
"diligence",1
"dinosaur",1
"dipstick",1
"direction",1
"director",1
"dirtymagus",1
"disappear",1
"disappointed",1
"disc",1
"disciples",1
"disclose",1
"discretion",1
"discretionary",1
"diseases",1
"disney",1
"dispatches",1
"disqualified",1
"disqualifying",1
"dissapointed",1
"distracted",1
"distribution",1
"ditching",1
"dive",1
"diversification",1
"diversify",1
"divided",1
"dividend",1
"dobackian",1
"docs",1
"doctor",1
"documentaries",1
"documentary",1
"dodged",1
"doggy",1
"dojo",1
"dol",1
"domydeal",1
"dongs",1
"donovanbuilds",1
"doodoo",1
"doors",1
"dopamine",1
"dork",1
"dorks",1
"doubled",1
"douglas",1
"download",1
"downside",1
"dr",1
"drag",1
"drain",1
"dramatic",1
"draw",1
"dressed",1
"drewcrawf",1
"drinks",1
"dripping",1
"driven",1
"drivers",1
"drives",1
"driving",1
"drugs",1
"drumset",1
"drunk",1
"drylinepartners",1
"dub",1
"dubs",1
"dud",1
"dude’s",1
"dudes",1
"dues",1
"duh",1
"dumb",1
"dumpster",1
"dunk",1
"durham",1
"dust",1
"dylanthejedi",1
"dynamic",1
"ear",1
"earhart",1
"earned",1
"earnings",1
"ease",1
"easiest",1
"easily",1
"eastern",1
"eats",1
"ecommerce",1
"economic",1
"ecosystems",1
"edge",1
"edged",1
"edibles",1
"edition",1
"edits",1
"edm",1
"educated",1
"educators",1
"ee",1
"ees",1
"effects",1
"efficiency",1
"effing",1
"eggroli",1
"egypt",1
"elaborate",1
"elementsbrands",1
"elevator",1
"eliminate",1
"elimination",1
"elisegraham",1
"elisha",1
"elites",1
"elsa’s",1
"else's",1
"emailing",1
"embrace",1
"embracing",1
"emergency",1
"emh",1
"employed",1
"employee’s",1
"employers",1
"encapsulates",1
"encounter",1
"encouraging",1
"endeavors",1
"endresenheather",1
"enduring",1
"enforce",1
"engine",1
"engineer",1
"engineered_econ",1
"engineerinbiz",1
"engineering",1
"engineers",1
"english",1
"enjoyed",1
"enormous",1
"entire",1
"environmentalist",1
"eos",1
"ep",1
"epic",1
"equal",1
"equates",1
"equation",1
"era",1
"ericpoortinga",1
"ericpugh",1
"ericrweinstein",1
"error",1
"ers",1
"established",1
"establishing",1
"eternalstruggl",1
"ethic",1
"ethical",1
"etienne",1
"evenings",1
"event",1
"everestbrady",1
"evergrande",1
"everting",1
"everyone’s",1
"evicted",1
"exaggerate",1
"exaggeration",1
"examples",1
"excel_ranger",1
"excesses",1
"excited",1
"excitement",1
"exempt",1
"exercise",1
"existing",1
"exit",1
"exits",1
"exorbitant",1
"expect",1
"experts",1
"expires",1
"exposure",1
"exquisite",1
"exterior",1
"extinct",1
"eyeing",1
"ez",1
"ezrafirestone",1
"fable",1
"facilities",1
"fails",1
"faint",1
"fairwaycoffeeco",1
"falgunhchokshi",1
"fallen",1
"families",1
"family’s",1
"fampodcast",1
"fantastic",1
"fanzo",1
"faridshariat",1
"farmers",1
"faster",1
"fat",1
"fatal",1
"father’s",1
"fatherhood",1
"fathers",1
"favorites",1
"favors",1
"fax",1
"fazolis",1
"fb",1
"fear",1
"feature",1
"features",1
"featuring",1
"fedcoin",1
"federalism",1
"feds",1
"ffjoe",1
"fielding",1
"fieldnotesbrand",1
"fiend",1
"fifties",1
"fight",1
"figures",1
"figuring",1
"fil",1
"filled",1
"filter",1
"filters",1
"final",1
"financememeacc",1
"finances",1
"financials",1
"financing",1
"fingers",1
"fintech",1
"fintwitunconcon",1
"fired",1
"firmly",1
"fiscal",1
"fishnurd",1
"fix",1
"fixyershit",1
"flakes",1
"flannels",1
"flappy",1
"flat",1
"flavor",1
"flexibility",1
"flipping",1
"float",1
"floating",1
"floors",1
"floppytrisk",1
"flowing",1
"floyd",1
"flu",1
"fluent",1
"flybry_revs",1
"flyover",1
"folk",1
"folk’s",1
"follower",1
"followings",1
"folly",1
"fool",1
"foot",1
"footage",1
"footing",1
"force",1
"forgotten",1
"fork",1
"forming",1
"fortnite",1
"fortunately",1
"fortune",1
"founded",1
"founders",1
"founding",1
"fountain",1
"fourth",1
"fox",1
"foxbusiness",1
"foxggreen",1
"foxlakecapital",1
"fracslap",1
"fragile",1
"frame",1
"framing",1
"fran",1
"franchisee",1
"frank",1
"frankzhang",1
"fraternity",1
"fraud",1
"freakin",1
"freddy",1
"freelance",1
"freight",1
"french",1
"frequently",1
"fresheners",1
"freshly",1
"friction",1
"friedmandave",1
"friendships",1
"frothy",1
"frowning",1
"frugal",1
"fruit",1
"frustrated",1
"frustrating",1
"fry",1
"fuk",1
"fullspectrumice",1
"functioning",1
"funding",1
"funnels",1
"funniest",1
"furious",1
"furniture",1
"futureformerjd",1
"fyi",1
"gain",1
"gained",1
"gains",1
"gamify",1
"gary",1
"gas",1
"gateway",1
"gauges",1
"gay",1
"gbclmgbdii",1
"geared",1
"geese",1
"gems",1
"gen",1
"generates",1
"generational",1
"generators",1
"generic",1
"geofence",1
"geoff",1
"geographies",1
"gerbil",1
"gfc",1
"gggonemad",1
"gif",1
"gifted",1
"gig",1
"gigs",1
"gildan",1
"girdley’s",1
"gkcdaily",1
"gl",1
"glamorous",1
"glitchy",1
"glorify",1
"gmail",1
"gmaildotcom",1
"gmtheapp",1
"goals",1
"goats",1
"god’s",1
"goggins",1
"golfing",1
"goodlife_f",1
"goodstrategyhq",1
"googledocs",1
"goooo",1
"governors",1
"grabbed",1
"gracias",1
"grade",1
"graders",1
"graduate",1
"graeme",1
"grand",1
"grandad",1
"grandads",1
"grandfather",1
"grandfather’s",1
"grandkids",1
"grandma's",1
"grandmother",1
"granola",1
"grantcardone",1
"greek",1
"greenville",1
"greggcarey",1
"grew",1
"grind",1
"grinding",1
"grindset",1
"griswold",1
"grit",1
"grlalx",1
"groutfit",1
"growing",1
"grown",1
"grows",1
"grumpy",1
"guac",1
"guard",1
"guerrilla",1
"guests",1
"guilty",1
"guitar",1
"gum",1
"gumroad",1
"gyms",1
"ha",1
"hadn’t",1
"hags",1
"hahahaha",1
"hair",1
"halfdayclosing",1
"hands",1
"handshakes",1
"handwriting",1
"handyman",1
"hanging",1
"hangup",1
"hansyagazie",1
"happily",1
"harbor",1
"harmful",1
"harmlesskarl",1
"hashing",1
"hasn’t",1
"hassankhan",1
"hated",1
"hater",1
"haters",1
"hawaii",1
"hayden__slack",1
"he’ll",1
"headaches",1
"headbanger",1
"headed",1
"headquarters",1
"headspace",1
"hears",1
"heartland",1
"heat",1
"heavy",1
"heirs",1
"hemp",1
"henry",1
"henry’s",1
"hensbread",1
"hepa",1
"herbalife",1
"herd",1
"herrmanndigital",1
"hide",1
"highschool",1
"hinds_sight",1
"hip",1
"hires",1
"histories",1
"history",1
"hitters",1
"hitting",1
"hmm",1
"hmmered",1
"ho",1
"hoarders",1
"hobbes",1
"holding",1
"holds",1
"homeless",1
"homeschool",1
"honey",1
"honeymoon",1
"hook",1
"hookers",1
"hoos",1
"hops",1
"hostage",1
"hosts",1
"househacking",1
"household",1
"housekeeper",1
"housekeeping",1
"how’s",1
"howdy",1
"hs",1
"hsasdtfralfhp",1
"huber",1
"huggies",1
"humans",1
"humbly",1
"humor",1
"hundred",1
"hung",1
"hungry",1
"hustling",1
"hydrating",1
"hyper",1
"i<U+0336>",1
"i<U+0336>n<U+0336>s<U+0336>t<U+0336>e<U+0336>a<U+0336>d<U+0336>",1
"ian_allisn",1
"ib",1
"ibejesusyo",1
"iced",1
"icymi",1
"ignorant",1
"ignorenarrative",1
"illegal",1
"illegalmeme",1
"im",1
"images",1
"imitation",1
"immense",1
"immensely",1
"immigrants",1
"immigration",1
"implement",1
"implemented",1
"impoverished",1
"improved",1
"improves",1
"improving",1
"imsamthompson",1
"inatailhedged",1
"incels",1
"incentive",1
"inclined",1
"incoherent",1
"increasing",1
"increasingly",1
"independently",1
"index",1
"individuals",1
"inefficient",1
"infinite",1
"inflation",1
"inflationnation",1
"influence",1
"influencers",1
"inform",1
"ing",1
"ingenuity",1
"inherit",1
"initial",1
"inning",1
"innovators",1
"ins",1
"inscripturated",1
"insightful",1
"insisted",1
"instagram",1
"insulted",1
"insure",1
"intense",1
"intention",1
"interactions",1
"interface",1
"international",1
"interviewee",1
"interviewers",1
"intimidating",1
"intrigued",1
"intuit",1
"invaluable",1
"invented",1
"inversionthink",1
"invested",1
"investigate",1
"invited",1
"invoicers",1
"ipod",1
"ironed",1
"irs",1
"ite",1
"items",1
"itsmaxmajor",1
"itsvalos",1
"ivermectin",1
"ivermedicine",1
"j_brorsson",1
"jab",1
"jabs",1
"jacked",1
"jacquesnewsom",1
"jake",1
"jakekrokowski",1
"jakelywakely",1
"jam",1
"james",1
"jasonlk",1
"jawas",1
"jaybourgana",1
"jayvasdigital",1
"jb",1
"jbinvestments",1
"jc",1
"jealous",1
"jed",1
"jefffeldman_",1
"jefftala",1
"jefftej_",1
"jehinmethuen",1
"jelanisince",1
"jer_car",1
"jeremymday",1
"jerk",1
"jersey",1
"jesus",1
"jimmymoncrief",1
"jive",1
"jk",1
"jkam",1
"jlawson_ca",1
"jleep",1
"jmitch",1
"joemoreorless",1
"joewebber_",1
"johnfpontius",1
"johnjmoo",1
"johnklacynski",1
"joined",1
"joints",1
"jon",1
"jonathanpc",1
"jonmlittleton",1
"jonzormann",1
"josh’s",1
"joshmoore",1
"joshuafhancock",1
"josiahmackenzie",1
"journalists",1
"joys",1
"jpg",1
"jpgs",1
"jpqwhatitdo",1
"jprupp",1
"jseyff",1
"juggling",1
"julius",1
"july",1
"jumping",1
"june",1
"junkie",1
"justin_a_brady",1
"justinclewis",1
"justingough",1
"justinsaas’s",1
"justintrudeau",1
"kairead",1
"karen",1
"katinthecle",1
"kayaking",1
"kelbhutan",1
"keto",1
"kevinachatz",1
"keys",1
"khan",1
"khzny",1
"kick",1
"kicking_assets",1
"kid’s",1
"kiddos",1
"killed",1
"killers",1
"kindicecream",1
"kindly",1
"kitchen",1
"klee",1
"knife",1
"knots",1
"knoxendemic",1
"korovaunrivaled",1
"kould",1
"ktboy",1
"kw",1
"kxdem",1
"kyrradio",1
"la",1
"labs",1
"laissezwhere",1
"lakers",1
"lambo",1
"landed",1
"landlord",1
"landonhuslig",1
"landscape",1
"landscaping",1
"lane",1
"lapsed",1
"laptop",1
"largest",1
"larry",1
"lastly",1
"latam",1
"laundromat",1
"laundry",1
"law",1
"laws",1
"lawsuits",1
"lawyerdude",1
"laying",1
"lcol",1
"leadgen",1
"league",1
"leak",1
"learnings",1
"leather",1
"leaves",1
"lee",1
"leemillerelite",1
"leg",1
"legality",1
"legend",1
"legit",1
"lending",1
"lennyhwn",1
"letting",1
"lettuce",1
"levels",1
"leveraged",1
"levering",1
"levi",1
"libby",1
"libsportswriter",1
"liferrealestate",1
"lifts",1
"lighter",1
"likewise",1
"liking",1
"lil",1
"limb",1
"limited",1
"lindell",1
"lindseycreated",1
"lindy",1
"lindybosshogg",1
"lindynap",1
"lindyqualk",1
"liquidated",1
"lisaedouard",1
"listicles",1
"listings",1
"litcapital",1
"literal",1
"lmfao",1
"lmm",1
"loans",1
"lobbyist",1
"locally",1
"lock",1
"log",1
"logic",1
"looked",1
"loose",1
"lopez",1
"losing",1
"loss",1
"losses",1
"lotions",1
"louvre",1
"loves",1
"lri",1
"ltennies",1
"lucas_zarzecki",1
"lucrative",1
"lukejcollard",1
"lull",1
"lulls",1
"lumbertrading",1
"lunchables",1
"lurkers",1
"luxury",1
"lying",1
"macbook",1
"macroaquire",1
"maiden",1
"maids",1
"mailchimp",1
"mailers",1
"maintain",1
"maintaining",1
"majestic",1
"makers",1
"mall",1
"manager",1
"mandatory",1
"manual",1
"map",1
"maps",1
"marcus",1
"marketer",1
"markets",1
"markey_",1
"markjenney",1
"marriagepilled",1
"marriages",1
"masks",1
"master",1
"masterz",1
"mat",1
"matchup",1
"mate",1
"materially",1
"maternity",1
"math",1
"matiostv",1
"mattgmorris",1
"matthewschille",1
"mattlasky",1
"mattpeyton",1
"maxclark",1
"maxi",1
"maximize",1
"maximum",1
"maxing",1
"mayo",1
"mcdonalds",1
"mdevisive",1
"measure",1
"meat",1
"meats",1
"mecca",1
"median",1
"meetkevin",1
"meetup",1
"mentoring",1
"mercy",1
"merger",1
"merry",1
"messes",1
"messing",1
"metal",1
"meth",1
"method",1
"metro",1
"mice",1
"michaelgawrych",1
"michaelnarx",1
"michaelspeights",1
"mickk",1
"microaquire",1
"midsize",1
"midsized",1
"mikedruce",1
"mile",1
"military",1
"milk",1
"millennials",1
"miller",1
"min",1
"mini",1
"minimal",1
"mining",1
"mint",1
"minted",1
"misconceptions",1
"mises",1
"misspelling",1
"mitchell",1
"mitigating",1
"mix",1
"mixclips",1
"mixed",1
"mleejr",1
"mlms",1
"mnavackas",1
"mnetz",1
"mnykhper",1
"mobility",1
"mod",1
"models",1
"moderna",1
"modes",1
"moist",1
"moizali",1
"moms",1
"monet",1
"monetary",1
"money’s",1
"monitoring",1
"monk",1
"monocrop",1
"mooresville",1
"mop",1
"moral",1
"morality",1
"moses",1
"mother’s",1
"motivated",1
"motorboat",1
"motto",1
"mouse",1
"mouthin",1
"mouthofmorrison",1
"mouths",1
"moved",1
"mover",1
"mowing",1
"mp",1
"mr.beast",1
"mr.sacks",1
"mramirez",1
"mrjsburton",1
"mst",1
"mud",1
"muddsicle",1
"muffin",1
"multifamily",1
"multimillionaires",1
"multiples",1
"multiply",1
"muscle",1
"muscles",1
"museum",1
"mvarun",1
"myrtle",1
"n<U+0336>o<U+0336>w<U+0336>",1
"nail",1
"namaste",1
"named",1
"nap",1
"narrative",1
"nat",1
"nateliason",1
"natestahlmanre",1
"nathalie",1
"nathalierach",1
"nathanclark_",1
"nation",1
"nations",1
"nattylight",1
"nature",1
"naval",1
"navalmanack",1
"ncarrier",1
"nearby",1
"neat",1
"necessarily",1
"necessity",1
"neck",1
"needle",1
"negatively",1
"negatives",1
"neighborly",1
"neilsaidwhat",1
"neligertner",1
"nephew",1
"nervous",1
"network",1
"newbie",1
"newborn",1
"newpleroma",1
"news",1
"newspaper",1
"nextdoor",1
"nfl",1
"ng",1
"ngl",1
"nhulewsky",1
"niapodcast",1
"nicely",1
"nicholasxvix",1
"nick_eubanks",1
"nickgraynews",1
"nickphelps",1
"nickprijic",1
"nightmare",1
"nixons_head_",1
"nofinanceadvice",1
"nog",1
"noise",1
"nokootv",1
"nongaap",1
"nonprofit",1
"nonscalable",1
"noon",1
"normie",1
"northeast",1
"northmedallion",1
"northwestyam",1
"nostalgic",1
"noti's",1
"noticed",1
"notifies",1
"notis",1
"notmygreenville",1
"notmymetro",1
"novelty",1
"nowwww",1
"npcs",1
"nsfw",1
"nsykesdotco",1
"nuances",1
"nurse",1
"nutrition",1
"nw",1
"ny",1
"o'reilly's",1
"obama",1
"objections",1
"objectively",1
"obscured",1
"observe",1
"obvious",1
"occasions",1
"oceans",1
"offend",1
"offering",1
"official",1
"officially",1
"offshores",1
"og",1
"olds",1
"oliverflips",1
"one’s",1
"onejkmolina",1
"oneyearworld",1
"onion",1
"onions",1
"operated",1
"operates",1
"operator's",1
"operator’s",1
"operators",1
"opm",1
"opp",1
"opposition",1
"opps",1
"ops",1
"optimal",1
"optional",1
"orange",1
"orchard",1
"oregon",1
"organic",1
"origami",1
"original",1
"osprey_investor",1
"ot",1
"ottoingalls",1
"outback",1
"outer",1
"outfit",1
"outlawsoaps",1
"outpatient",1
"outreach",1
"outright",1
"outsource",1
"outta",1
"outweigh",1
"oven",1
"overestimate",1
"overhaul",1
"overheard",1
"overplayed",1
"overstaffed",1
"overwhelming",1
"owed",1
"owned",1
"owning",1
"pace",1
"pacifically",1
"pack",1
"package",1
"pad",1
"pads",1
"page",1
"painted",1
"painter",1
"pair",1
"pakistan",1
"pandora’s",1
"panel",1
"par",1
"paratusbr",1
"parent's",1
"parent’s",1
"parenthood",1
"park",1
"parking",1
"partnerships",1
"pass",1
"passenger",1
"passwords",1
"paste",1
"patch",1
"patches",1
"patented",1
"patiwatp",1
"patk",1
"patriots",1
"patrol",1
"pattyhume",1
"pauldbk",1
"pavement",1
"paw",1
"pays",1
"pcg",1
"pdf",1
"peace",1
"peace’s",1
"peaces",1
"peachblvd",1
"peeta",1
"pens",1
"people’s",1
"pepper",1
"pepsi",1
"perception",1
"peregrinetrade",1
"perform",1
"period",1
"periodic",1
"pessanhai",1
"pet",1
"pete’s",1
"petewilliamscfa",1
"pg",1
"philiphartz",1
"phillipino",1
"philosophers",1
"phones",1
"photographer",1
"photography",1
"physical",1
"pic",1
"picture",1
"piefarmer",1
"pikolitas",1
"pill",1
"pilled",1
"pillsbury",1
"pilotpenusa",1
"pink",1
"pinkpoloshorts",1
"pinnacle",1
"pinned",1
"pipedrive",1
"pitch",1
"pitching",1
"pizza",1
"planners",1
"plans",1
"plants",1
"plastics",1
"plate",1
"platitudes",1
"playbook",1
"playin",1
"pleasure",1
"plugged",1
"plugs",1
"plumber",1
"plumbers",1
"plural",1
"pngs",1
"poaching",1
"pockets",1
"podiatrist",1
"pods",1
"pokémon",1
"polite",1
"polo",1
"pond",1
"poo",1
"pop",1
"popular",1
"populations",1
"porkchop_exp",1
"portion",1
"portions",1
"posing",1
"positives",1
"possibility",1
"postpartum",1
"posts",1
"pot",1
"potions",1
"pots",1
"poverty",1
"powder",1
"powerful",1
"powerhouse",1
"ppc",1
"ppl",1
"practically",1
"preach",1
"preached",1
"prefer",1
"pregnancy",1
"premium",1
"preposterous",1
"prepping",1
"press",1
"pressed",1
"pretend",1
"pretending",1
"previous",1
"priceless",1
"pricing",1
"pride",1
"prideful",1
"principles",1
"print",1
"printers",1
"prioritize",1
"priscilla",1
"prison",1
"privacy",1
"prizes",1
"processed",1
"producing",1
"productive",1
"profession",1
"professional",1
"programs",1
"projected",1
"prominent",1
"promotes",1
"promptly",1
"prone",1
"pronounced",1
"proof",1
"propaganda",1
"proper",1
"properly",1
"proposals",1
"proposes",1
"pros",1
"prospective",1
"prove",1
"provider",1
"providers",1
"providing",1
"psychopath",1
"publicly",1
"publish",1
"pulls",1
"punch",1
"punches",1
"purchased",1
"purge",1
"purged",1
"puritan",1
"pyramid",1
"qsrs",1
"quadrant",1
"qualitatively",1
"queen",1
"quesadilla",1
"quest",1
"queue",1
"quiet",1
"quitting",1
"quoting",1
"rabois",1
"race",1
"races",1
"rack",1
"rage",1
"ragnarskjold",1
"rail",1
"raises",1
"raising",1
"ramonamacleod",1
"ramp",1
"rancid",1
"rando",1
"randomly",1
"rangers",1
"ranging",1
"rank",1
"rapidly",1
"raptor",1
"rat",1
"rated",1
"rates",1
"rattling",1
"ravioli",1
"rbreich",1
"re__sam",1
"reacts",1
"readwiseio",1
"realesam",1
"realesthodler",1
"reality",1
"realkellye",1
"realtor",1
"realtors",1
"rebellious",1
"rebrand",1
"recall",1
"recap",1
"reccomending",1
"receipt",1
"receipts",1
"received",1
"receiving",1
"recently",1
"recession",1
"recharging",1
"recipe",1
"reckon",1
"reclassifying",1
"recognize",1
"recognizing",1
"recommendation",1
"recommended",1
"recommends",1
"reconvene",1
"record",1
"recreationally",1
"recruit",1
"recs",1
"reddit",1
"rednecks",1
"redo",1
"redrunnercoffee",1
"redundancy",1
"reeling",1
"refer",1
"referral",1
"referred",1
"refi",1
"reflects",1
"refresher",1
"refreshing",1
"refuse",1
"region",1
"regret",1
"rehydn",1
"reich",1
"rekey",1
"relations",1
"religious",1
"reminders",1
"remotely",1
"remotework",1
"remy",1
"rentals",1
"renting",1
"rents",1
"repair",1
"repeatable",1
"replace",1
"reply",1
"reports",1
"reps",1
"repurposeio",1
"request",1
"requests",1
"require",1
"required",1
"requires",1
"resell",1
"resembles",1
"resent",1
"reserve",1
"reserves",1
"reside",1
"residents",1
"resolution",1
"resolved",1
"responded",1
"responding",1
"restaurants",1
"resting",1
"restructuring",1
"resume",1
"retainer",1
"retains",1
"retention",1
"retirement",1
"return",1
"revolutionary",1
"revotile",1
"rh",1
"ride",1
"ridiculous",1
"rift",1
"rig",1
"rigged",1
"rigid",1
"ringer",1
"rings",1
"rinkydoofinance",1
"rip",1
"rising",1
"risk",1
"rittern",1
"rival",1
"river",1
"riverside",1
"rivian",1
"road",1
"roasting",1
"robbins",1
"robes",1
"robots",1
"rocked",1
"rocket",1
"rocks",1
"rohunjauhar",1
"rollup",1
"roo",1
"root",1
"roots",1
"rope",1
"rossaaronkramer",1
"rossiadam",1
"routes",1
"row",1
"rows",1
"royce’s",1
"rubbing",1
"rune",1
"rural",1
"rush",1
"russell",1
"russiancosmist",1
"ruthless",1
"rw",1
"rxpilled",1
"ryandanz",1
"ryandawidjan",1
"s<U+0336>o<U+0336>",1
"s<U+0336>t<U+0336>a<U+0336>r<U+0336>t<U+0336>u<U+0336>p<U+0336>",1
"saas",1
"sabotaged",1
"sack",1
"saddled",1
"sagmi",1
"saints",1
"salesman",1
"salvation",1
"sam_rosati",1
"samiamthereman",1
"sammy",1
"samsesin",1
"sandwich",1
"santa",1
"saraduit",1
"sarahrejoicing",1
"sarunaam",1
"savvy",1
"sayings",1
"sbalenderlyons",1
"scan",1
"scare",1
"scbasenji",1
"scene",1
"schilling",1
"schwarzenegger",1
"scissors",1
"scope",1
"score",1
"scotch",1
"scottkeohane",1
"scour",1
"scout",1
"scraping",1
"screenshot",1
"screwed",1
"sctweak",1
"sdmoneycoach",1
"sean",1
"seandsweeney",1
"seanmurphyhfx",1
"seansweeney",1
"sear",1
"secret",1
"secretary",1
"secrets",1
"sectors",1
"secularism",1
"sedan",1
"seeder",1
"seeking",1
"seize",1
"selection",1
"seller's",1
"sellers",1
"semi",1
"senses",1
"separating",1
"sergiosilesky",1
"series",1
"servant",1
"servants",1
"served",1
"serves",1
"servicing",1
"session",1
"sethlargo",1
"settles",1
"severely",1
"sexy",1
"sfh",1
"sfwgreg",1
"shaan",1
"shadow",1
"shame",1
"shared",1
"sharp",1
"sharpeningswift",1
"shayforbes",1
"sheets",1
"shells",1
"shelter",1
"shie_eth",1
"shifting",1
"shinghid",1
"shitpost",1
"shitposter",1
"shitposts",1
"shock",1
"shooter",1
"shooting",1
"shopify",1
"shopping",1
"shops",1
"shorter",1
"shortest",1
"shorts",1
"shotcoin",1
"shots",1
"shoutout",1
"shoutouts",1
"shovel",1
"showering",1
"shuffle",1
"shuts",1
"shutupgutowski",1
"sighted",1
"signals",1
"signatures",1
"signed",1
"significantly",1
"sillicon",1
"silliest",1
"silly",1
"similarly",1
"simpler",1
"sincere",1
"sincerely",1
"sinks",1
"sinner",1
"sister’s",1
"size",1
"sketch",1
"sketchy",1
"ski",1
"skill",1
"skinned",1
"skip",1
"skis",1
"skullery",1
"slacks",1
"slave",1
"slice",1
"slide",1
"sliding",1
"slightest",1
"slightly",1
"slowing",1
"slowly",1
"slows",1
"slye",1
"smallbusiness",1
"smb_journey",1
"smbdadsplainer",1
"smbtwit",1
"smbtwitter",1
"smell",1
"smith",1
"smithfield's",1
"smokes",1
"snap",1
"sneak",1
"sneddymobbin",1
"sneeze",1
"sniff",1
"snoozer",1
"socialization",1
"society",1
"sociopath",1
"sociopaths",1
"soda",1
"soil",1
"sol",1
"solely",1
"solidarity",1
"soloed",1
"solve",1
"solves",1
"somethings",1
"sooo",1
"sooooo",1
"sops",1
"sorority",1
"sound",1
"sounded",1
"soundproofing",1
"sourced",1
"spain",1
"spam",1
"spared",1
"sparking",1
"speach",1
"speakers",1
"special",1
"specialized",1
"specie",1
"speed",1
"spicy",1
"spiraled",1
"spirit",1
"spoken",1
"sport",1
"sported",1
"sports",1
"spotify",1
"spraying",1
"spreadsheet",1
"sprinkler",1
"spun",1
"square",1
"squeegee",1
"ssthormess",1
"st",1
"stable",1
"staff",1
"stages",1
"staircase",1
"stakeholder",1
"stalling",1
"standard",1
"standards",1
"staples",1
"staring",1
"starter",1
"starters",1
"startups",1
"stations",1
"stay",1
"stayed",1
"staying",1
"stephen",1
"stfu",1
"stick",1
"stickers",1
"sticking",1
"stimmy",1
"stingslikesalt",1
"stironingshirts",1
"stomping",1
"stood",1
"stoolpresidnete",1
"stops",1
"stored",1
"streamlined",1
"strengths",1
"stressed",1
"strictly",1
"stripes",1
"stripmallguy",1
"stripped",1
"stronger",1
"strongest",1
"strongly",1
"struggle",1
"struggles",1
"struggling",1
"study",1
"stupidly",1
"stylists",1
"subbing",1
"subcontracting",1
"subcontractor",1
"subscribed",1
"subtweet",1
"subtweeting",1
"subtweety",1
"suburbanbourbo",1
"successfully",1
"suck",1
"sucker",1
"sudden",1
"suellentrop",1
"suffering",1
"suffers",1
"sufficient",1
"suicide",1
"suite",1
"suits",1
"sully",1
"sum",1
"summary",1
"sunday",1
"supercleanz",1
"supervisor",1
"supp",1
"supply",1
"supportive",1
"suprise",1
"surfaces",1
"surrounding",1
"surrounds",1
"swallowed",1
"sweat",1
"sweatyjobs",1
"sweden",1
"sweet_daddy_z",1
"sweinand",1
"swept",1
"swift",1
"switched",1
"switching",1
"sword",1
"symptoms",1
"sync",1
"taco",1
"tacos",1
"tactful",1
"tag",1
"tai",1
"tailgate",1
"tailopez",1
"tam",1
"tank",1
"tapas",1
"tapped",1
"targeted",1
"tasks",1
"tasteful",1
"tastes",1
"tasty",1
"tattoos",1
"taxing",1
"taylor",1
"taylorholiday",1
"taylortchiu",1
"tbd",1
"tbr",1
"tbrianbrady",1
"teachers",1
"tease",1
"techniques",1
"technology",1
"teddyraccovelt",1
"teenagers",1
"teflon",1
"telemarketers",1
"tells",1
"temporary",1
"tempting",1
"terrify",1
"territories",1
"tesla",1
"testament",1
"tested",1
"testing",1
"texas",1
"thanking",1
"theadudude",1
"thealexbarrera",1
"thebrotherhood",1
"thedanielmitch",1
"thefolde",1
"theft",1
"thegrainiac",1
"theinfamouscpa",1
"thejointchiro",1
"thejoshhamilton",1
"theottocracy",1
"thepatwalls",1
"theranos",1
"therealestateg",1
"therichhippy",1
"thesis",1
"thesocialdude",1
"theteamdestruct",1
"thethariel",1
"theunemployeda",1
"they’ll",1
"they’ve",1
"theyelitsa",1
"thick",1
"thighs",1
"this_jest_in",1
"thisleft_blank",1
"thomas_kaede",1
"thomassmale",1
"thousandaire",1
"threaten",1
"threats",1
"threw",1
"throwing",1
"thursday",1
"ticket",1
"tide",1
"tied",1
"tightest",1
"tiktoks",1
"timetracking",1
"tinder",1
"tiresome",1
"titled",1
"tkyle",1
"toast",1
"today’s",1
"todd",1
"toe",1
"toes",1
"toggle",1
"toilet",1
"tom_lawless",1
"tomato",1
"tone",1
"tongue",1
"tonight’s",1
"tons",1
"tony",1
"tony__patterson",1
"tools",1
"tos",1
"tour",1
"towels",1
"toyfolio",1
"toyota",1
"trace",1
"trace_urdan",1
"traction",1
"traded",1
"trader",1
"trades",1
"tradesman",1
"trading_boxes",1
"tragedy",1
"traitors",1
"transformative",1
"transition",1
"transitory",1
"transparent",1
"transportation",1
"trap",1
"travisfitzwater",1
"travisgrubesky",1
"treated",1
"treating",1
"tree",1
"trengriffin",1
"trentonkelley",1
"trevor",1
"trevorbragdon",1
"triage",1
"tricky",1
"tripels",1
"tripled",1
"tripleoss",1
"triples",1
"trips",1
"trolling",1
"trucking",1
"truckstop",1
"truman",1
"tshirt",1
"tu",1
"tube",1
"tucking",1
"tuition",1
"tunes",1
"tunnel",1
"tupperware",1
"turnover",1
"tutor",1
"tweetin",1
"tweeting",1
"twenty",1
"twetes",1
"twitternotify",1
"twotter",1
"typical",1
"typing",1
"tyronmcdaniel",1
"tyson",1
"tzwor",1
"ugly",1
"umm",1
"unapologetic",1
"unaware",1
"unbelievable",1
"unborn",1
"uncapped",1
"uncommon",1
"underbid",1
"undercharging",1
"underestimated",1
"underneath",1
"underwater",1
"unfamiliar",1
"unfollowed",1
"unicorn",1
"unleashed",1
"unlock",1
"unlocked",1
"unmarried",1
"unpopular",1
"unrealized",1
"unrivaled",1
"unrivaledbrands",1
"unskilled",1
"unstable",1
"unusualprofits",1
"upside",1
"uptick",1
"urgent",1
"url",1
"usa",1
"usd",1
"useless",1
"users",1
"usps",1
"utilize",1
"utilizing",1
"utopia",1
"utter",1
"ux",1
"vaasers",1
"vaccine_denier",1
"vaccines",1
"valuation",1
"values",1
"vape",1
"vbro",1
"vcinthemidwest",1
"vcs",1
"vehicle",1
"vending",1
"vendingjordan",1
"venture",1
"verified",1
"vertical",1
"vested",1
"vets",1
"viable",1
"vibrate",1
"vice",1
"vid",1
"vids",1
"vietyork",1
"view",1
"vikushavas",1
"vinyl",1
"violate",1
"visceral",1
"visited",1
"visits",1
"vital",1
"voicemail",1
"volatility",1
"vote",1
"votes",1
"vouch",1
"vouchers",1
"vp",1
"vpn",1
"w<U+0336>o<U+0336>r<U+0336>k<U+0336>",1
"wagmi",1
"wagon",1
"waiters",1
"walkerdeibel",1
"walkerl",1
"walkerlucas",1
"wall",1
"walmarts",1
"wangmi",1
"wanna",1
"wap",1
"warm",1
"warrants",1
"warrior",1
"wash's",1
"washers",1
"wasp",1
"wasteful",1
"wasting",1
"watches",1
"watchmeamazon",1
"wavelength",1
"waving",1
"wax",1
"wb",1
"weakest",1
"wealthycfo",1
"weddings",1
"weekends",1
"wept",1
"weren’t",1
"wes_kao",1
"west",1
"western",1
"whacky",1
"wheels",1
"whip",1
"whipped",1
"wholeheartedly",1
"wholes",1
"wife's",1
"wikipedia",1
"wildly",1
"willmanidis",1
"willposkett",1
"windows",1
"winetexts",1
"winners",1
"winslow’s",1
"winter",1
"winterpayload",1
"wire",1
"wireless",1
"wished",1
"withdrawal",1
"wives",1
"woahs",1
"wolf_of_welo",1
"wolfofwebsites",1
"woman",1
"wood",1
"wooden",1
"worded",1
"worldwidewob",1
"worried",1
"worrisome",1
"wowzer",1
"wrap",1
"wrapped",1
"wrapping",1
"wraps",1
"writer",1
"ws",1
"wsrs",1
"wynnandrewj",1
"xavierhelgesen",1
"xcopyart",1
"xhappiness",1
"xs",1
"ya'll",1
"ya’lls",1
"yell",1
"yellow",1
"yelp",1
"yessir",1
"yikyak",1
"yolo",1
"you’d",1
"youderian",1
"youngbigred",1
"yourprincevince",1
"youth",1
"yrstoretire",1
"zachquick",1
"zainmanji",1
"zoom",1
"zoomed",1
"zoomer",1
"zoomers",1
"zoompianotutor",1
"zuchinni",1
